span_field	position	count	mean	std	median	min	max	p05	p25	p75	p95
base_sample_spans_rel	0	1000	71.25196208394127	15.215388478992297	71.14289321899415	21.863886642456055	242.1665771484375	50.551522674560545	61.61776542663574	79.32002935409545	93.09554607391357
base_sample_spans_rel	1	1000	75.98816582909072	14.128496895640563	77.2978630065918	36.06214637756348	225.50862757364908	53.72561875025431	66.10374517440796	85.22460552215577	96.3983154220581
base_sample_spans_rel	2	1000	77.2444401715841	12.915381189139907	78.34095662434896	39.44836740493774	130.69039713541667	54.895841643015544	68.52086439132691	86.48716945648194	96.36617468516032
base_sample_spans_rel	3	1000	66.92916435620158	13.324326732855022	64.9689269065857	36.73808352152506	164.31189028422037	48.00884494781494	56.854813448588054	76.19194602966309	90.01485988616943
base_sample_spans_rel	4	1000	54.39567423718256	10.110616659181604	53.69998757044475	31.654997253417967	232.50714645385742	41.558100287119544	48.285104274749756	59.70811605453491	68.54955923080443
base_sample_spans_rel	5	1000	64.40322667829741	9.565366114104174	64.52909603118897	39.90217971801758	129.86067640516492	49.84328454335531	57.52031831741333	70.29107414245605	80.48689367294311
base_sample_spans_rel	6	1000	81.98729416385034	7.024213736835893	81.67935752868652	56.72236506938934	131.20480087280274	70.86898794174193	77.4739761352539	86.45106258392335	93.41842388153076
base_sample_spans_rel	7	1000	83.04287700226638	7.113861708173559	82.70154520670573	63.67717037200928	151.38163916269937	71.85880615234375	78.48567897251675	87.61663417816162	94.61239922332763
base_sample_spans_rel	8	1000	75.25140239361976	8.409913240093609	74.98050136566162	52.47298309326172	101.15749435424804	61.56541206359863	69.47658109664917	80.95952129364014	89.23645301818848
base_sample_spans_rel	9	1000	71.37263011299132	8.92314996343717	71.19607238769531	47.285881423950194	102.31829935709635	57.26641654968262	65.17797412872315	76.97296919504802	87.10759412384033
base_sample_spans_rel	10	1000	77.02993721108928	8.450623461042536	76.6984203338623	51.63477725982666	109.86857757568359	63.70482717196147	71.13421535491943	82.44984817504883	90.95780220031737
base_sample_spans_rel	11	1000	56.625995513131755	7.615661218289112	56.25454483032226	35.238948822021484	137.23525815010072	45.16272876739502	51.90362811088562	61.45501866340638	68.30055873870849
base_sample_spans_rel	12	1000	58.02409537433988	7.381734864709065	58.34713726043701	35.74366760253906	84.37434412638346	45.78845485687256	53.120854663848874	62.986506652832034	69.87109687805176
base_sample_spans_rel	13	1000	80.16424086540972	10.816205087664267	80.46395238240561	47.422813415527344	113.35906677246093	62.32288740158081	72.17789920171103	87.72249225616454	97.35449835459391
base_sample_spans_rel	14	1000	80.85076645557116	9.669163867635945	80.16417661146684	57.07751121520996	115.29148559570312	65.44741325378418	74.23116162618001	87.06907939910889	97.94034828186035
base_sample_spans_rel	15	1000	67.85376911724092	6.386218151508689	67.46961936950683	50.76681416829427	91.39116439819335	57.40228038787841	63.705100822448735	71.97662010192872	78.870737991333
base_sample_spans_rel	16	1000	73.8876697412854	10.066389217853487	73.11679458618164	51.3794662475586	282.89857482910156	61.61262662887573	68.59403324127197	78.62618255615234	87.60222919464111
base_sample_spans_rel	17	1000	86.30924067189801	8.133682959501652	85.96801183064778	63.98902359008789	199.76241903305055	74.7032413482666	81.25563599722726	90.89424603780111	97.96973815917967
base_sample_spans_rel	18	1000	85.78462972156221	13.071650725727654	84.96080207824707	62.55030498504639	388.5365219116211	73.2382035446167	79.71000411987305	90.59350357055663	98.53187366485595
base_sample_spans_rel	19	1000	66.87331462176024	10.301095701983748	66.48542938232421	42.872552490234376	227.40783818562826	54.01204911145297	61.29717445373535	71.63481435775756	79.51818340301513
base_sample_spans_rel	20	1000	49.618937101850854	7.8060327018464175	49.18544991811117	31.529682922363282	167.89049255371094	39.115006656646734	45.32079620361328	53.4721396446228	60.11118362426757
base_sample_spans_rel	21	1000	65.21591658830523	15.814715278944632	63.68554859161377	30.69734764099121	107.05447814941407	42.18619440078736	52.60623461405436	76.62895857493083	93.229881364071
base_sample_spans_rel	22	1000	90.01636155398717	11.879158791310875	89.79609107971191	52.394920349121094	334.06188049316404	74.99984186808268	83.82064170837401	96.20703862508138	104.25549129486083
base_sample_spans_rel	23	1000	72.10925856515611	9.779385326981844	71.43688329060873	39.08897323608399	247.49437713623047	60.06819594065348	66.68148441314698	77.24669125874837	84.27535112380981
base_sample_spans_rel	24	1000	62.592162093188875	6.23411749527348	62.272120590209965	42.53054538726806	101.11845123291016	52.7806252670288	58.57676982879639	66.75758390426637	73.12426344553629
base_sample_spans_rel	25	1000	70.0326377631805	8.27706118576793	69.52539443969727	48.71834526062012	94.03567810058594	57.361185512542725	64.14506902694701	75.58495559692382	84.48891660054524
base_sample_spans_rel	26	1000	86.5037737692878	8.748835429630745	86.43276590983072	63.34992904663086	243.97041931152344	74.15656415939331	81.68540382385254	91.22413330078126	97.81161469777425
base_sample_spans_rel	27	1000	79.6250608802498	8.831710230515316	78.7925936381022	57.41010036468506	194.08812675476074	66.91852220535279	73.8667121887207	84.89345248540242	93.21794971466063
base_sample_spans_rel	28	1000	68.79535662671339	7.400808586830401	68.39684460957845	50.866117248535154	180.6815286954244	58.34725377400716	64.43559055328369	72.89633045196533	79.45358978271484
base_sample_spans_rel	29	1000	74.7598476137911	7.410453733622192	74.63784980773926	51.70770835876465	99.91836662292481	63.25536445617676	69.78209180831908	79.70948114395141	86.98004255930583
base_sample_spans_rel	30	1000	77.62738146539174	10.498625580852046	77.24492886861165	53.462638473510744	259.52149028778075	64.84736779349191	71.99182300567627	82.35160179138182	90.44273387908935
base_sample_spans_rel	31	1000	59.71518871152359	11.566408961740317	59.078851318359376	40.613040161132815	309.76820793151853	48.55176914215088	54.56937465667725	63.89247407913208	70.82125802993775
base_sample_spans_rel	32	1000	56.3905413678862	10.602530866580151	55.99983654022216	38.545186614990236	331.9981037139893	46.383967819213865	52.14336749315262	60.229630851745604	66.49701709747315
base_sample_spans_rel	33	1000	64.47994462575734	10.675541311363464	64.19583021799724	43.02445983886719	306.4371784210205	51.9590065574646	59.568958568573	69.02867759068806	75.8920760345459
base_sample_spans_rel	34	1000	81.55605689299531	10.938898148475058	81.1261399269104	58.01947288513183	199.57427978515625	65.82011865615844	74.71051190694173	88.12053782145182	97.73884113311767
base_sample_spans_rel	35	1000	91.21942712820226	8.410533024144538	91.2279209136963	66.02335845947266	131.49673665364583	77.19949518203735	85.61541366577148	96.6613218307495	104.91687461853027
base_sample_spans_rel	36	1000	73.6965660194008	9.262038286067899	73.40249748229981	43.99123001098633	100.82050476074218	59.30654476165771	67.182652759552	80.10637817382812	89.0661226272583
base_sample_spans_rel	37	1000	51.57898627652455	7.155404133455681	51.02795524597168	32.477852249145506	82.50897216796875	40.649285011291504	46.913493442535405	55.66406869888306	64.2596509806315
base_sample_spans_rel	38	1000	62.4916894872411	13.780571820718077	61.157607078552246	32.919857788085935	124.72089653015136	41.91642574310303	52.490818119049074	71.54066581726073	86.8248698425293
base_sample_spans_rel	39	1000	87.17801809904381	11.525508638613454	87.05079002380371	50.66094970703125	312.6217997233073	74.30721143722533	82.24247272491455	92.0312973022461	98.88447345733643
base_sample_spans_rel	40	1000	76.74996995963238	10.248073964255285	76.0192626953125	54.63332672119141	212.9270751953125	63.84593806266785	71.60844763755799	81.34097429911296	90.11784503936768
base_sample_spans_rel	41	1000	62.583987268205696	7.792709894792613	62.0867000579834	44.4877077738444	215.98797302246095	52.635922857920335	58.54445753097534	66.5960304260254	72.89494636535645
base_sample_spans_rel	42	1000	60.42645696709315	7.715292835305482	60.060977490743	43.39429397583008	210.42674617767335	50.099334182739256	56.02628870010376	64.3988374710083	70.64773735046386
base_sample_spans_rel	43	1000	59.42721024239955	7.011804920618948	59.192604319254556	41.867774963378906	169.14964917500814	49.03421698888143	55.490169525146484	63.423198795318605	70.00700286865235
base_sample_spans_rel	44	1000	59.152736517278	6.0269988972716355	58.952515602111816	41.4079475402832	78.56179809570312	48.91242790222168	55.30272903442383	63.17474603652954	69.36602207183837
base_sample_spans_rel	45	1000	56.21914481904167	9.028135502957149	55.799798583984376	37.70759525299072	218.67971801757812	45.59421627044678	52.06081590652466	59.875809574127196	66.7721149635315
base_sample_spans_rel	46	1000	70.05283789866185	14.109533224036474	69.59274139404297	37.726341247558594	220.34132080078126	48.38633360862732	60.352618808746335	78.82029716173807	92.34955582046508
base_sample_spans_rel	47	1000	87.90245011830382	8.016793987036372	87.4219711303711	67.04544830322266	174.5285002321005	75.46561212539673	82.9139415359497	92.76413564682008	100.42476804097491
base_sample_spans_rel	48	1000	80.38036526995394	8.058139051609974	79.82203960418701	60.33540344238281	216.97410095214843	70.01871269989013	75.98233299255371	84.51254568099975	91.29498895009358
base_sample_spans_rel	49	1000	81.09990594798407	7.529448629451987	80.56496124267579	57.42546911239624	203.57221393585206	70.26165622711181	76.79636631011962	85.57397956848145	91.93713565826417
base_sample_spans_rel	50	1000	87.78228704746495	8.914907166297365	87.58303165435791	67.7129133605957	228.682333984375	75.71634272257488	82.39472127914429	92.81343746185303	100.35821296691894
base_sample_spans_rel	51	1000	85.0642072621996	11.769350641716008	84.66287117004394	58.2228199005127	293.00500539143883	69.31214143753051	78.20123449961343	91.70405941009521	101.46225135803222
base_sample_spans_rel	52	1000	63.06807421727529	7.683705522225319	62.693683815002444	-1.3200486501057942	141.03272514343263	52.329959049224854	58.39844987051828	67.28458499908447	74.583497950236
base_sample_spans_rel	53	1000	77.50536029192772	14.967434461221105	76.60102303822836	47.30013860066732	222.96225001017254	55.3920567893982	66.79763107299804	86.98252353668212	101.22954246520996
base_sample_spans_rel	54	1000	86.20872315498049	10.916697042949622	85.71760559082031	-2.926545588175456	117.76217880249024	70.59021668752035	78.51683088938395	93.31115322113038	104.8783222579956
base_sample_spans_rel	55	1000	75.58113449109395	8.035996712840312	75.51665267944335	53.61254806518555	172.82495295206706	63.57737258911133	70.32660675048828	80.52634868621826	88.22456924438475
base_sample_spans_rel	56	1000	83.81945194970295	6.525043780371973	83.55475260416667	65.50935033162435	104.13385848999023	73.06842025756835	79.50991153717041	88.20240058898926	94.94079491933188
base_sample_spans_rel	57	1000	79.43157674771628	7.085066440177651	79.42512969970704	56.753027725219724	102.51815338134766	67.81100313186646	74.3792298634847	84.15750846862792	91.12893486022949
base_sample_spans_rel	58	1000	75.7630662797065	14.329780502357426	74.77243766784667	56.2771598815918	340.78210220336916	64.31353082656861	70.6494005203247	79.36043395996094	86.48821495056153
base_sample_spans_rel	59	1000	84.90616161039402	8.921107582592132	84.74432957967122	65.98980712890625	251.19052975972494	73.18184235254924	79.61538937886556	89.83152503967285	96.67957523345947
base_sample_spans_rel	60	1000	84.38858296775591	16.146733474707954	83.15229873657226	58.41476898193359	407.37956314086915	70.36077161153158	78.3545381863912	88.80942802429199	97.10918477376302
base_sample_spans_rel	61	1000	62.320739888249996	11.549676501693828	62.00699481964111	35.47399501800537	289.84663863182067	48.3703742612203	56.112397797902425	67.81808090209961	75.73950653076172
base_sample_spans_rel	62	1000	50.077297544649845	7.304634168505877	49.634370644887284	32.95745147705078	149.75788358052571	39.9106932703654	46.123380215962726	53.818810844421385	60.428764419555655
base_sample_spans_rel	63	1000	73.33014909075567	15.814242409990143	73.04857498168946	38.82691116333008	196.77951698303224	49.30532201766968	61.15455989837646	84.60412683486938	98.50430151159112
base_sample_spans_rel	64	1000	91.04524790918622	9.760430125278969	90.94576721191406	54.96696853637695	173.51012058258056	76.05543684005737	84.42813434600829	97.60797462463378	106.71619579315185
base_sample_spans_rel	65	1000	83.68953059977099	8.915880106183963	83.46819229125975	63.103580983479816	220.6295327758789	72.23768826802572	78.64162718454996	87.93621932983399	94.75207255554199
base_sample_spans_rel	66	1000	79.4589346993002	10.098557642242326	78.71438344319661	56.952752176920576	194.3573131243388	67.0226521428426	73.38511390686035	84.36142222086588	92.74513082885743
base_sample_spans_rel	67	1000	66.28496665167698	8.914465588196453	65.88125610351562	46.744012451171876	265.3635093688965	55.83654028892517	61.760488217671714	70.54328544616699	76.63414911270142
base_sample_spans_rel	68	1000	71.81160938891786	7.717962320543814	71.82639617919921	49.75433349609375	96.17243347167968	59.101839275360106	66.22852611541748	76.83263790130616	84.58498517354329
base_sample_spans_rel	69	1000	72.98692340543195	7.338249102002195	72.75668907165527	53.976255340576174	95.8185791015625	61.05493579546611	67.9596157005855	78.08256111145019	85.17485776265461
base_sample_spans_rel	70	1000	73.95392356270251	9.10533864179134	73.93981342315675	51.53293113708496	193.6844647216797	60.28499793243408	68.00370359420776	79.81384449005127	86.9334329477946
base_sample_spans_rel	71	1000	75.90324148668046	8.874461707517408	75.54455165863037	51.82624130249023	181.72306683540344	63.47494890213013	70.58178780873617	80.4059373474121	89.19312543233235
base_sample_spans_rel	72	1000	65.6618139814792	6.377525242972951	65.29880228042603	48.431471252441405	121.58633559942245	55.45252717336019	61.679232597351074	69.7244083404541	75.99758617401123
base_sample_spans_rel	73	1000	72.98952368844324	7.479145241099066	72.94863185882568	52.020975240071614	94.22786560058594	60.25282488505046	67.70045127868653	77.7104519367218	85.77894223531086
base_sample_spans_rel	74	1000	75.01508703927541	11.405931822202406	74.97736816406251	48.5606086730957	242.6357213338216	59.590842456817626	68.69174213409423	80.9314474105835	88.6360760116577
base_sample_spans_rel	75	1000	57.60951282425048	7.779367523142995	56.98449020385742	39.136572647094724	176.0116973876953	47.202362314860025	53.37897953033447	61.47237854003906	67.80812682342528
base_sample_spans_rel	76	1000	69.11053492177578	10.365752072365234	68.4515458424886	43.53212013244629	100.17453257242839	52.90052335103353	61.40772848129272	76.77550497055053	86.58051727294921
base_sample_spans_rel	77	1000	79.93616735712504	9.170811674648164	79.86059544881184	40.39067687988281	177.22357228597005	65.82137481689453	73.85449295043946	85.66784467697144	94.49326858520507
base_sample_spans_rel	78	1000	66.78150799022308	9.475847863110731	65.92314281463624	48.002356338500974	203.06412582397462	55.743473567962646	62.19492816925049	70.74044399261476	77.59926790873209
base_sample_spans_rel	79	1000	79.18359493472448	9.748481996640537	79.27115351359049	52.024539947509766	109.62630310058594	63.31334264755249	72.11770944595337	85.74000288645426	95.50557375590006
base_sample_spans_rel	80	1000	84.61373304934578	9.570656473527686	84.42403106689453	43.72156980037689	212.33678366343182	70.92906833648682	78.54302183787028	90.12912584940592	99.5030286026001
base_sample_spans_rel	81	1000	81.33100842066024	8.787083075871266	80.76304448445637	59.42920684814453	110.35369110107422	67.99897428512574	74.91925354003907	87.44781932830811	95.87000417073567
base_sample_spans_rel	82	1000	85.12937356303533	10.203272706859364	84.83908971150717	61.71743507385254	240.52717819213868	71.45201110839844	78.97651761372884	90.53459568023682	99.51937690734863
base_sample_spans_rel	83	1000	68.48099863995871	9.546288104837284	67.75161361694336	41.748155784606936	270.80885798136393	57.46018743515015	63.57412748336792	72.3862979888916	79.84706657409669
base_sample_spans_rel	84	1000	64.54288243949924	6.887309789070199	64.06455059051514	47.77035751342773	130.68852043151855	54.294661874771116	60.29376792907715	68.53704175949096	75.56487627846853
base_sample_spans_rel	85	1000	71.55314477462025	7.960407612483568	71.33511714935304	48.19275741577148	95.72062530517579	59.09938442230224	66.19068508148193	76.42234058380127	85.12225524902344
base_sample_spans_rel	86	1000	86.10221003178641	13.492291765391608	85.84158515930176	56.400072479248045	428.0543838500977	73.13251651763916	81.06510505676269	90.29268560409545	98.2024574661255
base_sample_spans_rel	87	1000	83.23655941742368	8.344834208997563	83.27109336853027	59.37260551452637	111.54456253051758	69.09231664657592	77.41994457244873	88.81794726053873	96.68020385742187
base_sample_spans_rel	88	1000	83.325960455602	14.419674878796409	81.63192710876464	53.7007698059082	319.19900608062744	65.30969305038452	73.9673680305481	92.01079330444335	105.35206344604491
base_sample_spans_rel	89	1000	91.97548106732505	9.424131355638657	91.87548828125	49.197380701700844	128.1865661621094	77.31950742085775	85.44811916351318	98.71608180999756	107.51532108306884
base_sample_spans_rel	90	1000	76.66081756726038	6.728375095223465	76.33251495361328	58.111122131347656	104.70901641845703	65.91302909851075	72.05092353820801	81.22739543914795	87.85188135782877
base_sample_spans_rel	91	1000	81.44514830599104	7.729900160622266	81.11000340779623	60.28873062133789	106.38847249348959	69.28322074890137	75.959397315979	86.88272247314453	94.38063489278159
base_sample_spans_rel	92	1000	83.355086755494	7.143210137325109	82.96208877563475	61.82716827392578	105.548095703125	71.80749256134034	78.5302889251709	88.06651554107665	95.37284061431883
base_sample_spans_rel	93	1000	77.52897152089801	7.401903151479649	77.16551418304444	57.92516606648763	191.17884155273438	67.04687314987181	73.15943393707275	81.8601282119751	88.24293613433838
base_sample_spans_rel	94	1000	79.83994004593961	8.034113217521972	79.61562728881836	60.927676391601565	193.12876892089844	68.46149200439453	74.81435661315918	84.19223461151122	91.27927093505859
base_sample_spans_rel	95	1000	79.33118292644701	7.044354701819235	78.96292994181314	59.855970764160155	137.45375819736057	68.66181507873534	74.4835734685262	84.13594106038411	90.70855775197346
base_sample_spans_rel	96	1000	85.50562698615116	9.691969931274393	85.3265170288086	58.4230354309082	113.53099975585937	69.78247982025147	78.72466087341309	92.11314411163329	101.72015583038329
base_sample_spans_rel	97	1000	87.53433501772032	8.513246219951057	86.90507488250734	64.29013137817383	119.02659301757812	74.12268150075276	81.79695234298705	93.06095848083496	101.95422660827636
base_sample_spans_rel	98	1000	74.01907190656203	15.91837092649341	73.04911231994629	52.59590377807617	478.02899780273435	61.87523963201614	68.652064371109	77.96248947779337	85.46449146270751
base_sample_spans_rel	99	1000	77.24378820247584	8.655287980757361	77.50210819244384	53.69296875	100.13235168457031	62.53178619384766	70.82733354568482	83.40082044601441	91.5000057220459
base_sample_spans_rel	100	1000	86.50227805476797	9.664295420259757	86.31623268127441	66.97081604003907	301.78700154622396	75.10813301086425	81.67112197875977	91.18021202087402	97.8907757949829
base_sample_spans_rel	101	1000	82.36977738530484	8.391356618005318	81.99077453613282	58.74413350423177	222.92567145029705	71.14218846003214	77.43755760192872	86.92668323516847	94.28969184875487
base_sample_spans_rel	102	1000	73.39376747589534	7.28382038513236	73.30747280120849	50.5965461730957	95.69570770263672	61.4103593190511	68.5387575149536	78.20764427185058	86.20321884155273
base_sample_spans_rel	103	1000	76.45694414968764	12.249194787495872	75.27541065216064	49.226790237426755	114.96127624511719	58.48649003982543	67.21352767944336	84.76971693038941	97.91084996541342
base_sample_spans_rel	104	1000	95.8804264961388	8.833904415618255	95.92630195617676	60.535465240478516	121.9067153930664	81.41411540985108	90.34234619140625	101.83817386627197	110.58584499359131
base_sample_spans_rel	105	1000	81.05524023503315	8.408380053797453	80.84025344848632	55.23185501098633	110.72261962890624	67.90378715515136	75.32404530843098	86.84613780975343	94.67752494812012
base_sample_spans_rel	106	1000	64.71077071578416	8.196886514421543	64.52851943969728	46.11150970458984	209.34626210530598	54.19243949890137	59.627736981709795	68.9407169977824	76.1150799369812
base_sample_spans_rel	107	1000	55.83257810376161	7.610489284181501	55.48638359069824	38.92344233194987	206.18801864624024	45.77042547225952	51.683393478393555	59.86149857838949	65.90586093902587
base_sample_spans_rel	108	1000	57.80813067501311	12.618270025570089	56.89491710662841	39.461387634277344	257.45992012023925	46.65722547912598	53.25189361572266	60.952376270294195	67.86084172566731
base_sample_spans_rel	109	1000	65.6278399308923	11.170768744700782	65.06804904937744	43.95480728149414	234.3964064025879	53.34906479517619	60.327805296579996	69.61846694946288	77.65972147623698
base_sample_spans_rel	110	1000	83.36550616162381	10.89107252757954	82.93727912902833	56.3026008605957	294.1591339111328	69.68612763086955	77.10691699981689	88.99341678619385	96.81870337894983
base_sample_spans_rel	111	1000	85.13569998757646	9.470773114673324	84.78309173583985	62.98742955525716	230.57306327819825	72.33831869125366	79.59192047119141	90.30715808868408	97.95208824157714
base_sample_spans_rel	112	1000	84.2825697201305	9.068372802207454	84.48867645263672	61.67925338745117	146.84364681243898	69.69124942779541	77.89981002807617	90.33197326660157	98.97215171813964
base_sample_spans_rel	113	1000	87.3690637307142	12.4380166885029	86.75087598164876	53.78021405537923	321.5448486328125	73.14441571553549	81.12905969619752	92.46440134048463	102.18240333557128
base_sample_spans_rel	114	1000	82.31129361289621	11.696593005251055	81.98983294169108	-17.534564272562662	247.1831848144531	68.0692467625936	75.95171655019124	88.22333629608154	96.75507692972819
base_sample_spans_rel	115	1000	90.7306352303941	13.84518459172575	90.03607266743978	68.49301013946533	377.63878021240237	77.8434920501709	84.70860740661621	95.52456321716309	103.87551807403564
base_sample_spans_rel	116	1000	74.7510925269759	6.974869742742306	74.27315711975098	53.93926029205322	97.37279510498047	63.62448520660401	69.78618421554566	79.66238803863526	86.46555088043212
base_sample_spans_rel	117	1000	77.666097457903	9.885917460498112	77.63066736857095	54.22557830810547	257.1929077148437	64.41951887766521	72.05909729003906	83.13560684204101	91.1622064743042
base_sample_spans_rel	118	1000	76.47746424368083	8.455800985172559	76.01907107035319	53.446015167236325	169.88396534919738	64.15624466196697	70.91072874069214	81.4912754058838	89.40261417388915
base_sample_spans_rel	119	1000	77.32444114635474	11.704848900950156	76.87089818318685	49.473321533203126	269.7676554361979	63.234357566833495	70.47453479766845	83.40673624674479	91.90136245182582
base_sample_spans_rel	120	1000	81.5568917975743	8.427484996044733	81.0420228322347	58.48810780843099	168.35009643554687	69.5425584793091	76.11432800292968	86.31617870330811	94.53247707366944
base_sample_spans_rel	121	1000	75.42615581421263	6.375912059903026	75.17436981201172	57.39571746826172	93.31187896728515	64.59116106033325	71.1069746017456	79.58987808227539	86.46055114746093
base_sample_spans_rel	122	1000	75.86763053962935	6.877906044400602	75.67423095703126	41.911156797409056	144.68798484802247	65.27997203191121	71.73643703460692	80.26048482259114	86.8955471165975
base_sample_spans_rel	123	1000	76.45815561279326	6.61620402508919	76.40137697855633	58.4693603515625	116.10260232289632	65.24294576644897	72.11029802958171	80.75644435882569	87.1673132832845
base_sample_spans_rel	124	1000	76.8094140300726	6.9302438792470396	76.49592323303222	56.17587407430013	117.88163917064666	65.75956988016763	72.06151377360027	81.41643199920654	88.25984307607015
base_sample_spans_rel	125	1000	74.50350121927927	7.605057887271677	74.30685516357423	53.39522018432617	169.43231124877929	63.146641941070556	69.72871055603028	79.05776424407959	86.70560070037843
base_sample_spans_rel	126	1000	86.19544888497815	7.433585729654534	85.97567723592122	61.66408996582031	109.38444366455079	74.0887907663981	81.00388999938964	91.3313684463501	98.57441268920898
base_sample_spans_rel	127	1000	83.07376871004905	7.8542641566905935	82.94717642466227	57.52505671183268	127.59430160522462	71.51096300252279	77.46443252563476	87.96949062347413	96.6054581642151
base_sample_spans_rel	128	1000	69.17229946252311	7.358839118875697	68.9458833694458	48.393296813964845	142.46297146081923	57.784353771209716	64.4539267539978	73.25214500427246	80.42505840301513
base_sample_spans_rel	129	1000	63.67814814679026	6.5038718002675875	63.480426502227786	46.85599639892578	132.078687953949	53.71719896952311	59.54926581382752	67.52630367279053	73.97206903457642
base_sample_spans_rel	130	1000	69.66906067624228	7.4330847018797845	69.2125124613444	48.66252403259277	93.22597859700521	57.75293502171834	64.3059847831726	74.96579813957214	82.21216667175293
base_sample_spans_rel	131	1000	83.44387315482302	9.501021529993347	82.99046885172527	61.62376937866211	267.0346305847168	71.42010782241822	78.49437648773193	88.31001472473145	94.94173844019572
base_sample_spans_rel	132	1000	82.61135684960408	7.242813945118553	82.4441172281901	61.14544792175293	107.48364639282227	71.13123093414306	77.48086223602294	87.90452089309693	94.69664001464844
base_sample_spans_rel	133	1000	77.22961385885262	6.811662641367842	76.83678410847982	57.41068878173828	149.4641357421875	66.5252105331421	72.89578285217286	81.73853263854981	88.07039786020914
base_sample_spans_rel	134	1000	73.68010645732578	7.9635621896137705	73.48038177490234	50.87119636535645	188.77325210571288	62.618229637145994	68.6499231338501	77.9563486099243	85.68642749786376
base_sample_spans_rel	135	1000	72.35011361837891	7.591011450315065	71.96580505371094	51.34298673357282	97.06984329223633	60.62396802902222	66.94567213058471	77.66462326049805	85.60613229751587
base_sample_spans_rel	136	1000	83.84852163757688	7.640965972321666	83.48874231974284	61.69716529846191	175.27602710723878	72.28600589752197	79.14295677185058	88.48062324523926	95.7792336164202
base_sample_spans_rel_adj	0	1000	71.25196208394127	15.215388478992297	71.14289321899415	21.863886642456055	242.1665771484375	50.551522674560545	61.61776542663574	79.32002935409545	93.09554607391357
base_sample_spans_rel_adj	1	1000	73.83946225016085	15.739747967761804	74.36963975694445	18.891050179799397	253.24682535443986	50.753096714019776	62.372695525487266	84.21274727412633	96.40812755898
base_sample_spans_rel_adj	2	1000	79.02857006032858	14.680072204090344	81.08481448735947	16.44344915662493	135.1278015613556	54.03670064835321	67.57289119388747	90.16353540420532	100.40127176409773
base_sample_spans_rel_adj	3	1000	72.79307171500724	14.26367104408627	70.6085744857788	41.71716022491455	156.4985544609301	52.350501766204836	61.19106571120445	84.78981464559382	95.55972676958356
base_sample_spans_rel_adj	4	1000	56.942156145366944	11.36196449679934	56.65750999450684	32.024691990443635	232.50714645385742	41.72497305870056	49.74726189266551	63.01138390435113	72.30526392800466
base_sample_spans_rel_adj	5	1000	53.93508515620082	8.73572762885438	52.90126128423782	33.73044602076212	137.84445033929288	41.725186042785644	48.37026745932443	58.25523461235894	68.53404352014715
base_sample_spans_rel_adj	6	1000	81.70295539644562	8.281623332995464	81.71326789855956	45.73988515680487	166.0308679853167	69.2794817176232	77.32679977416993	86.43535969073956	93.53108177771935
base_sample_spans_rel_adj	7	1000	82.50559677246403	8.228232959330429	82.09243965148926	61.92964839935303	228.58741664886475	71.06519479297457	77.90158100128174	86.93648518456354	93.84662523905436
base_sample_spans_rel_adj	8	1000	82.54879738160943	7.553530349886392	82.37210553487142	59.08796363406711	105.58323124476841	69.9960584640503	77.59198927445846	87.68482147665584	95.72126019795735
base_sample_spans_rel_adj	9	1000	65.11227007802582	7.7543452748284585	64.04021547711085	47.78284759521485	98.53220062255859	53.86766064730558	60.04098731279373	68.9748656863258	79.50258278316922
base_sample_spans_rel_adj	10	1000	83.64347694286606	8.682889264132681	83.91675528501852	56.15844217936198	111.1501952140562	68.55023809364863	77.99168380824003	89.6374388952104	97.41041483561197
base_sample_spans_rel_adj	11	1000	61.920892921387015	8.172118071045938	61.41503902782094	38.27001190185547	145.38326147982949	49.61597669674317	57.03323292732239	66.34577986853463	74.93511516769212
base_sample_spans_rel_adj	12	1000	51.65051262592969	7.355449938763361	51.15513780381944	33.04550806681315	84.37434412638346	40.29484298494127	46.5502888361613	56.441562397139414	64.29274200863307
base_sample_spans_rel_adj	13	1000	70.10279422138287	10.942957063614928	68.15394281873516	41.96175193786621	114.95955149332683	54.92514574050904	62.67799077033997	75.7576009576971	91.29960630123432
base_sample_spans_rel_adj	14	1000	90.7408495309753	9.630261150972913	91.59913859334026	58.00353891709272	116.43169689178467	72.96522644587925	85.08243947369712	97.20190356572469	105.26986640930174
base_sample_spans_rel_adj	15	1000	68.30184837608563	7.770914497643892	67.40471288892958	49.124776713053386	117.78845596313477	57.28808732713971	63.66153507521658	72.15494960393661	80.4822810236613
base_sample_spans_rel_adj	16	1000	70.07883721316752	6.955916722042354	69.58202323913574	51.3794662475586	101.71356506347657	59.15325583321708	65.42972993850708	74.48956839243571	81.89177684783935
base_sample_spans_rel_adj	17	1000	83.5944614144702	10.535466479644317	83.25127410888672	58.32509994506836	275.3469599088033	71.6523637901653	78.35210550877086	88.44033907935733	95.43984285354614
base_sample_spans_rel_adj	18	1000	90.15300572378533	9.698473168811875	89.82298605782645	64.38731002807617	279.5307373046875	78.08195722331172	85.03752161661785	95.07867716297959	101.37054636637369
base_sample_spans_rel_adj	19	1000	72.17770988209284	8.464750720101762	71.84907531738281	49.1352923711141	177.80328837308016	59.78504280238957	67.47367115020752	76.58753280639648	84.9351194805569
base_sample_spans_rel_adj	20	1000	53.081901973586355	11.81268413629936	52.11689363676926	33.78029043024237	321.3119977315267	41.797208649028434	48.45352350201523	56.43664447611029	64.73801158905029
base_sample_spans_rel_adj	21	1000	48.681318314351735	9.89044896067026	47.19965123569264	30.073253949483234	106.73193628647748	36.58771774402032	42.91934438373731	52.24354275294712	64.85408693201401
base_sample_spans_rel_adj	22	1000	93.76129387231472	14.778291687370624	95.00243854522705	40.49289131164551	388.6515079074436	73.61082286834717	89.20891759055002	100.88058551989104	107.7588439517551
base_sample_spans_rel_adj	23	1000	79.59416966886833	9.458017930930676	79.11160190521724	12.074692119251598	240.02956899007162	66.91093020666213	75.13474633353097	84.28628857930502	91.60059563998519
base_sample_spans_rel_adj	24	1000	63.01751105844914	6.447740950593005	62.62660493633964	43.120835267580475	96.14091084798177	52.65944361894027	58.81485434940883	67.07020786830357	74.06856936500186
base_sample_spans_rel_adj	25	1000	64.14871445960203	6.715426745335168	63.84140371897864	47.21027755737305	94.03567810058594	53.51521919250488	59.708038902282716	68.23833570480346	75.45073699565849
base_sample_spans_rel_adj	26	1000	83.23633559429084	7.872719333652748	83.57462520225374	54.30249786376953	137.89418431332237	70.02561432520548	78.29440282185872	88.77520211950525	95.09424104690552
base_sample_spans_rel_adj	27	1000	88.05949136184465	9.10037909534966	87.95151002066476	60.703244018554685	219.47439350801355	75.47403949737549	82.96097628275554	93.12951285044352	100.18871286392212
base_sample_spans_rel_adj	28	1000	69.3051776453691	7.570492889176769	68.55913521084389	51.54930830001831	162.69242347611322	58.4407972409175	64.715972222033	73.43693363972199	81.01959730866668
base_sample_spans_rel_adj	29	1000	70.16194693694548	6.635352562479191	69.7876992225647	50.93733215332031	99.0204080434946	59.300541485680476	65.71450916926065	74.8323354448591	81.18716651869983
base_sample_spans_rel_adj	30	1000	83.54814054549354	10.521308566381565	83.16095324925014	53.360319657759234	282.11718516879614	71.61956176757813	78.65200813000018	87.99541354179382	94.89744331135469
base_sample_spans_rel_adj	31	1000	65.52409992020635	11.096274835172082	64.89358810016087	42.13804626464844	313.99754867553713	54.2115745771499	60.77023739447961	69.29435066949753	76.94227244059245
base_sample_spans_rel_adj	32	1000	54.58098468908204	11.517885061933395	54.034302956717355	37.51458549499512	362.1922353108724	44.05134305499849	50.20316026539638	58.46837170918783	64.49665224653302
base_sample_spans_rel_adj	33	1000	59.55628739799979	8.847727637722057	58.86915469169617	41.921243031819664	243.19935448964438	48.913233786362866	55.06511116027832	63.63154470920563	70.2778718056886
base_sample_spans_rel_adj	34	1000	72.85580663973123	10.981547190949986	71.8850544771851	47.91363525390625	274.56602745056153	61.02699796888563	67.59961689540319	76.81246198926654	84.93308320999142
base_sample_spans_rel_adj	35	1000	94.7670687792385	8.891181872453144	95.41491063435872	58.62355690002441	125.49269561767578	77.11479077974955	90.37576542891465	100.77364542818906	107.77273022578312
base_sample_spans_rel_adj	36	1000	80.8541470163313	8.391818486007761	79.94392051696778	44.60938262939453	113.88815307617188	68.55361925005079	75.47162457827864	85.490568262158	95.96393853729846
base_sample_spans_rel_adj	37	1000	55.34003844183731	8.691556338448516	53.95426534016927	32.11247444152832	91.05477447509766	43.61847566877093	49.78383053050322	59.37261547361101	71.82840173509385
base_sample_spans_rel_adj	38	1000	51.363073257153005	11.772586370242383	48.95242424238296	31.487934430440266	103.55230712890625	37.994271950761814	44.620672488729284	54.424334923426315	79.44107491629464
base_sample_spans_rel_adj	39	1000	84.74542201326078	16.737842703731047	87.00016048976353	37.87547302246094	400.9333020723783	50.65260810852051	81.27930243810017	92.13188096559965	99.56654187982733
base_sample_spans_rel_adj	40	1000	83.14917554079112	11.500401367628537	82.85638218834288	55.525931930541994	276.579847462972	69.1863144048055	77.43022537231445	88.07225928306579	95.79948322931924
base_sample_spans_rel_adj	41	1000	65.48854331906703	8.478439999434359	64.91954667227608	45.054846914190996	227.40247444484544	54.699562939008075	60.90560385386149	69.58867062392987	76.41704454421995
base_sample_spans_rel_adj	42	1000	60.84736602635169	7.105688986495973	60.62522857329425	44.140176500592915	175.0356482028961	50.27404671351115	56.487255064646405	64.80775677363079	71.02315613241757
base_sample_spans_rel_adj	43	1000	59.54908655792021	7.2953270272572714	59.41016682844895	39.5040397644043	176.71604687826974	48.841039336709414	55.32726660228911	63.65539293289184	70.35826378716362
base_sample_spans_rel_adj	44	1000	59.808718280444836	6.155719852947595	59.75317666530609	41.4079475402832	78.56179809570312	49.57991551444644	55.616645908355714	63.904514418707954	70.22839783888597
base_sample_spans_rel_adj	45	1000	57.46852565443124	9.467446677521384	56.92399924261528	40.56788974338107	224.37605876922606	47.303441157341005	53.26258594989777	61.324575901031494	67.5540932888455
base_sample_spans_rel_adj	46	1000	53.31879849257044	11.71018981041671	51.34894870122274	33.39357948303223	243.00471541460823	40.2173744281133	47.07004990577698	57.28346892197927	73.63628096766286
base_sample_spans_rel_adj	47	1000	96.83478574391422	9.54022626665913	97.68486995697022	49.10951364957369	158.16892559826374	80.14890085085474	92.05137054194574	103.18209384469425	110.20032376221246
base_sample_spans_rel_adj	48	1000	80.91621955665474	8.203506312499806	80.36458876865362	61.58093321950812	212.10515653170071	70.49871898168632	76.52373995347457	85.19772629630296	91.54451206933884
base_sample_spans_rel_adj	49	1000	80.7617350830013	7.886833488514704	80.31684074401855	34.93492845694224	219.0640540652805	70.21434310913087	76.34053806123279	85.10585508346557	91.57306938171386
base_sample_spans_rel_adj	50	1000	84.50652742499022	8.186022100721365	84.2379085904076	62.60455513000488	205.8768653869629	73.20182537078858	79.31398487091064	89.1177347946167	96.17268928527832
base_sample_spans_rel_adj	51	1000	93.6183667981414	9.600372949037094	93.84528516133626	60.441092460386216	239.05118342808314	78.20472282409668	88.3338833945138	99.32374884865501	106.63785180311936
base_sample_spans_rel_adj	52	1000	67.03769171043031	9.995671180770358	65.84967486063638	-32.00638561248779	177.28409031459265	54.61747117042542	61.59794882069463	71.08284929063585	82.93096066474911
base_sample_spans_rel_adj	53	1000	65.68055827093359	12.235696992256564	63.398964424928025	43.45811920166015	194.76003893683938	51.65709254741669	58.45604630806986	69.96275607744853	87.51372260641544
base_sample_spans_rel_adj	54	1000	99.08376311269191	11.877105410859764	100.74812214191144	1.1061879396438599	128.76402130126954	77.30351558772001	92.96673474311828	107.1434314434345	115.24907685416086
base_sample_spans_rel_adj	55	1000	71.37307408713566	8.290076379840547	70.5060438022279	52.64833641052246	172.82495295206706	60.311489453391424	66.38315426675896	75.65272490183513	84.22445293426514
base_sample_spans_rel_adj	56	1000	82.65580846125361	7.679769356510254	82.97684221726689	55.94775390625	104.57306235177177	68.7385025024414	78.25482289884894	87.61671310204727	94.93481574615875
base_sample_spans_rel_adj	57	1000	83.55212729947179	6.80581295783723	83.54313125610352	58.9435546875	102.81146567208427	72.58884591420491	79.16412646429879	88.2311658859253	94.90667344261618
base_sample_spans_rel_adj	58	1000	74.25282612451109	13.087867462870188	73.2823937494952	55.65306642320421	282.1584204673767	63.266432022325915	69.3893192247911	78.0229842049735	84.5058530716669
base_sample_spans_rel_adj	59	1000	81.40923210597109	8.070208946976924	80.85690094094035	59.37562561035156	205.0957793281192	70.09937636057535	76.55746138095856	86.25876786595299	92.77471997578938
base_sample_spans_rel_adj	60	1000	89.9241248472773	14.31685494909658	89.16032428225955	66.72174328565598	332.6936310988206	76.77605059138476	84.14808925167544	94.27375052956974	101.45522020641125
base_sample_spans_rel_adj	61	1000	71.22441361434602	10.850977816360357	70.90233408610027	35.47399501800537	294.25242495536804	59.47393949145362	66.50786558787028	75.28089156517615	83.72325467427572
base_sample_spans_rel_adj	62	1000	49.98322542056343	8.495536227011419	49.16244753201802	31.795351028442383	170.6310092163086	39.08379179859161	45.45458630153111	53.461451053619385	61.63680129414513
base_sample_spans_rel_adj	63	1000	59.91076129856729	14.313742990835493	56.250903643094574	36.98058596524325	196.77951698303224	43.54463973999023	50.37103311582045	65.59658923429602	88.95018165111539
base_sample_spans_rel_adj	64	1000	98.30877540437918	11.70156819963662	99.57384589513143	43.81905746459961	173.51012058258056	77.26235967742072	93.77192264133029	105.76156289236886	112.65015725528492
base_sample_spans_rel_adj	65	1000	80.72350952349801	8.664615211573826	79.90976966511118	60.23982906341553	192.99557298229587	69.1699323272705	75.59038231733176	85.15611270361454	92.90914443969726
base_sample_spans_rel_adj	66	1000	86.54509379011189	10.134871397679742	86.3332867036786	58.69001388549805	260.8905660152435	73.63351712781952	81.24524743216378	91.46473815706041	98.57316226959229
base_sample_spans_rel_adj	67	1000	68.34551439583872	11.704775672883793	67.43940046827802	47.69402211507161	366.3288531833225	57.34615787506104	63.439731633112984	72.39254286629813	79.56707481904463
base_sample_spans_rel_adj	68	1000	65.44115702606754	6.965674176433967	65.13247712453206	45.18654102749295	88.41359024047851	54.58052297047207	60.84657526016235	69.9989933399927	77.20314235109271
base_sample_spans_rel_adj	69	1000	78.26355278376667	7.034090606144094	78.2170584165133	51.34257507324219	97.81696374075753	66.6578237581253	73.99738343556722	82.99574771484771	89.53016793568929
base_sample_spans_rel_adj	70	1000	66.2237903683408	9.266792136576083	65.13540687561036	46.41257858276367	225.9241489611174	54.06495272318522	60.73445272445679	70.9333015920208	80.52316848754883
base_sample_spans_rel_adj	71	1000	83.49203031554002	8.791008005245162	83.36685423417525	57.249198532104494	213.60112339258194	71.47037493387857	78.5095853805542	88.42730729239328	94.97025186811175
base_sample_spans_rel_adj	72	1000	66.19812196282544	6.904374978595885	65.52497194925945	48.997072274344305	129.0055052836736	55.69296725591024	61.824746326778246	70.28772884245842	77.34137082473092
base_sample_spans_rel_adj	73	1000	66.81687346948532	6.596981315009335	66.39834194183351	48.292755126953125	91.96318647596571	56.36353647636645	62.59576967027452	71.08227828570774	77.88074945449829
base_sample_spans_rel_adj	74	1000	81.33331154336086	8.862031721522996	81.16516660054525	48.5766487121582	203.15117912292482	68.87029478549957	76.79068756103516	86.13778479439873	92.65296545642161
base_sample_spans_rel_adj	75	1000	59.71009653977718	11.26731408168427	57.75679953893025	27.691686630249023	208.18627847943986	47.33523014916314	53.72608745098114	62.85548785754612	81.33983833312986
base_sample_spans_rel_adj	76	1000	61.26455876646697	8.667751566936927	60.234438281589085	41.47822025844029	95.41756744384766	48.5390901017189	55.347832633524526	65.98400254810558	77.70666227037945
base_sample_spans_rel_adj	77	1000	87.14074604926215	8.446125551926713	87.66524396623885	52.179588317871094	108.81037658691406	71.4229817760692	82.73743318677782	92.57963681221008	100.16560168584186
base_sample_spans_rel_adj	78	1000	66.57807608441432	11.682358120589992	65.00054446629116	37.9204421043396	237.0144781112671	54.36672140431201	61.103007135893165	70.04317798614503	81.37104787826537
base_sample_spans_rel_adj	79	1000	72.85931124871438	9.493496662818492	72.14947824478149	50.3643913269043	109.96255917019315	58.65290521621704	66.34653763771058	79.04606755574545	89.71755497179532
base_sample_spans_rel_adj	80	1000	91.2271934093569	9.167038308261118	91.46167577107747	39.99082085490227	182.53316033970225	76.88194015387333	86.11706972122192	96.84040212631226	104.52088379859924
base_sample_spans_rel_adj	81	1000	76.08420409917548	7.794129483257869	75.42115259170532	56.971439361572266	105.58515548706055	64.8187650049383	70.73687012990315	80.55780490528453	90.05491845267159
base_sample_spans_rel_adj	82	1000	93.4709993029759	10.172570201962289	93.34170593988327	61.71743507385254	227.67194574529475	78.02968355814616	88.48672008514404	99.27568187713624	106.76232479034908
base_sample_spans_rel_adj	83	1000	72.0359111559935	9.187714381866234	71.62468757629395	27.94442844390869	241.25248527526855	60.40141131877899	67.29257597242082	76.21309343973795	83.13043323153539
base_sample_spans_rel_adj	84	1000	64.77554603962986	7.320180265531793	64.35814842081959	46.985774517059326	142.81807953970772	54.080255641937256	60.26085965292794	68.98552690233504	76.06160228729247
base_sample_spans_rel_adj	85	1000	66.77050161767559	7.021559142430259	66.29911477225167	48.19275741577148	95.1912899017334	55.92263371149699	61.999101638793945	71.12017607688904	78.81905597686767
base_sample_spans_rel_adj	86	1000	83.30135497632622	14.142314639419297	83.1748468875885	54.269229888916016	428.0543838500977	67.07499928247361	78.49858207702637	88.28668022155762	95.91780994415284
base_sample_spans_rel_adj	87	1000	88.4220082045914	7.733770200500743	88.57569191672584	58.25542195638021	111.51470883687337	75.7483432451884	83.87128202842943	93.52567182268416	100.44085903167723
base_sample_spans_rel_adj	88	1000	74.57658906576829	12.643655568243119	72.28152716500418	52.57273483276367	275.65043052037555	60.66391601108369	67.1763308842977	78.71721195282146	98.35079912821452
base_sample_spans_rel_adj	89	1000	98.48388835489904	10.750485188989856	99.91600675080952	41.54180399576823	127.86932118733723	78.21391268775577	92.98361760094052	105.91210048848933	113.41643931648947
base_sample_spans_rel_adj	90	1000	79.91409463540371	7.239226972918793	79.55251986185709	59.8061580657959	113.37622451782227	68.41435214996338	75.35789404975044	84.76547789140182	92.05488068716866
base_sample_spans_rel_adj	91	1000	75.45366996105084	7.598122237932677	74.48709506080264	56.41136863014915	106.02726448906793	63.894064715173506	70.23354930877684	79.96636151934004	89.33502434417083
base_sample_spans_rel_adj	92	1000	87.32706817757521	7.113259753065313	87.41877290937636	65.28452825546265	105.87157869338989	75.23128322177463	82.53889598846436	92.27455543069279	99.27992500305176
base_sample_spans_rel_adj	93	1000	78.554813487735	7.677267171265407	78.12820285654323	58.40237021446228	196.7106253306071	67.69112833568028	73.87706285364487	82.76328509194511	89.55826765118222
base_sample_spans_rel_adj	94	1000	76.74697820563394	8.173082387955565	76.20666275772393	59.11005711555481	207.8085708618164	65.57928450584411	71.84319877624512	81.30329656600952	87.94635076522826
base_sample_spans_rel_adj	95	1000	83.08759352919644	7.347852968832662	83.01806428697374	63.092227617899574	172.8279812911461	71.58214032990593	78.41498594284057	87.37428865432739	94.33859526316324
base_sample_spans_rel_adj	96	1000	77.34065009333537	8.642749868026623	76.2768411182222	56.37307043636547	113.48944022438742	65.21355655533927	71.4395960894498	81.90692280663384	94.3336585608949
base_sample_spans_rel_adj	97	1000	96.05374201275609	8.677978415454124	96.35673636132545	64.97128168741862	117.9739505398658	80.492858767855	91.04327144622803	102.13135401407878	109.31422288242358
base_sample_spans_rel_adj	98	1000	78.40169997470136	12.402024132334219	77.48838783032966	57.053034348921344	380.4998027256557	67.10733221473694	73.61322402954102	82.4347866991356	89.38110194736056
base_sample_spans_rel_adj	99	1000	69.14655484773638	8.060282419561517	68.28684272766114	50.56965637207031	128.2067421913147	57.428665141570264	63.94373688213328	73.5040301799774	83.818380503221
base_sample_spans_rel_adj	100	1000	85.63241284923097	9.764319180083735	86.17101956708399	57.29632568359375	248.13559532165527	70.00386047363281	80.92282485961914	91.23560256462594	97.90986706315122
base_sample_spans_rel_adj	101	1000	85.07314835370224	8.445593278350621	84.6221080356174	58.74413350423177	234.69735016141618	73.87249535454644	80.18891801834107	89.87209977859106	96.46974398621127
base_sample_spans_rel_adj	102	1000	76.51746928457152	6.999418944839415	76.2817130455604	38.138436794281006	102.95135498046875	65.02580018850473	72.01542286872865	81.36454031202528	87.90751353095558
base_sample_spans_rel_adj	103	1000	67.79973322513769	9.378974560495221	66.35841385523477	46.79202375740841	109.75109100341797	55.568784379959105	61.69958593195135	71.80229126460968	86.29871037223121
base_sample_spans_rel_adj	104	1000	97.67413135343854	12.001117379605725	99.67713271247015	52.807695388793945	124.32664073597302	72.17689911978586	92.99273757934571	105.48864809672038	113.27926528082953
base_sample_spans_rel_adj	105	1000	87.17611411620119	8.153810269699765	86.86047049129711	55.23185501098633	118.86585489908855	74.08960304260253	82.26607373555501	92.1121735572815	100.0736530303955
base_sample_spans_rel_adj	106	1000	70.1873574325881	7.3719117756946035	69.85720808893188	51.04586819240025	164.65569229125975	59.354202370210125	65.75677900314331	74.6031936009725	81.40315395355223
base_sample_spans_rel_adj	107	1000	57.410637179715366	8.154187332137074	57.017897387913294	40.53036454144646	219.85302336319634	46.72575234276908	53.18316812515259	61.24887957572937	67.9004767644973
base_sample_spans_rel_adj	108	1000	55.1090824740238	12.12198347851648	54.36116965611775	31.9108091990153	254.97699093818665	44.321913516521455	50.469746470451355	58.44729212654961	64.79838592801775
base_sample_spans_rel_adj	109	1000	61.214166509986256	10.384164732460109	60.39120467503865	25.28194169998169	240.79549010594687	50.30905517186874	56.521723079681394	65.09924130911355	71.79514296471656
base_sample_spans_rel_adj	110	1000	74.83899489165412	10.559588675682855	73.58194100898609	54.02217960357666	274.563981142911	62.3016676902771	69.29107284545898	79.18520851135254	89.88907370133833
base_sample_spans_rel_adj	111	1000	91.9265625895932	9.004381465506947	91.96743636661105	65.84028026035854	253.60244539048938	79.97843051657956	87.08507347106934	96.73848693370819	103.3371522966322
base_sample_spans_rel_adj	112	1000	76.53123024069998	8.360225381784355	75.87161678738065	6.263111750284831	135.09777016793527	64.81201369762421	71.32784243992397	81.0854549407959	91.07517113727071
base_sample_spans_rel_adj	113	1000	95.0120562635998	11.602555549981554	94.53736347622342	66.06385022117978	321.5448486328125	80.70915187199911	89.92067310137625	99.8181137084961	107.22806514104207
base_sample_spans_rel_adj	114	1000	76.9608696555982	11.284341798189796	76.00408373938666	-35.222556554354156	247.40619057103208	64.74605865478516	71.44063629823572	81.20978453393076	91.30321645736693
base_sample_spans_rel_adj	115	1000	95.35263013591647	14.730420509116636	95.01968974158878	59.12455005645752	350.3266976096413	80.22494728754437	89.82093715667725	100.42479036071083	108.34266252835592
base_sample_spans_rel_adj	116	1000	79.70286866904291	7.215654947014306	79.18893878490894	59.0920467376709	106.01087188720703	68.2545709337507	75.09515357017517	84.39895033067273	92.10436218125479
base_sample_spans_rel_adj	117	1000	72.12428805030788	9.952545656473111	71.37292401930864	51.52102756500244	257.1929077148437	59.31282763761632	66.36365652817946	77.17257206128991	85.70709501478407
base_sample_spans_rel_adj	118	1000	84.41458373011608	8.872600019239341	84.42414665222168	56.49954605102539	177.80184359299508	70.54943522453308	79.26977793375652	89.70116983141219	97.30359219445123
base_sample_spans_rel_adj	119	1000	69.92298960457465	10.59800655685955	68.74104177384149	50.737217510447785	256.6159062385559	57.60634713808695	64.45134125514464	73.45539024548654	84.1736160326004
base_sample_spans_rel_adj	120	1000	87.62677517274106	8.772832366957582	87.87012378753178	57.798135484967915	190.93215675354003	74.72074111791757	82.45201472675099	92.98225766848896	100.03892889976501
base_sample_spans_rel_adj	121	1000	74.10453348794381	7.025771152347478	73.75052517482212	33.89475059509277	108.66529846191406	63.29548859405518	69.3890810746413	78.50406513214111	85.54768680037417
base_sample_spans_rel_adj	122	1000	77.05140032190803	6.587947103407366	76.91820629059322	49.29298793792724	97.44077736990792	66.16185060501098	72.68532668352127	81.56804995536804	88.70632356130159
base_sample_spans_rel_adj	123	1000	74.03253017861576	7.5848024908236145	73.61488444010416	56.92799453735351	198.13576785723367	63.38311890193394	69.70395040512085	78.1655478477478	85.1292904246937
base_sample_spans_rel_adj	124	1000	80.38534994241813	6.96734729861403	80.27154818448153	59.70534642537435	142.8669552069444	69.4526465733846	75.83664096029182	84.71736627358656	91.48044361114502
base_sample_spans_rel_adj	125	1000	72.46028481501463	7.1554484582918585	72.06158290189856	53.63315391540527	155.52521286010742	61.745944023132324	67.77216563505286	76.69813304477267	84.04455329350061
base_sample_spans_rel_adj	126	1000	83.04716759386368	7.54383655878244	82.87928013113094	59.13470935821533	109.17203979492187	70.86015195165362	78.1866722954644	88.2326836754294	95.63045855249676
base_sample_spans_rel_adj	127	1000	90.95893819446347	7.588161965639288	90.9102226893107	69.69268410294144	138.65250195954977	78.39439037867955	85.85603692796495	96.07712916838817	103.45138124738419
base_sample_spans_rel_adj	128	1000	72.84651997961025	7.410189347355779	72.49234275817871	50.0871337890625	137.37106342613697	62.15893407301469	68.37867058912913	77.1174168586731	84.2509880622228
base_sample_spans_rel_adj	129	1000	64.20656456235075	6.9361806346009205	63.76364088058472	46.76078585920663	145.16048801646514	53.83216279574803	59.926169554392494	68.16773001352946	75.22005483453924
base_sample_spans_rel_adj	130	1000	65.13403381882355	6.534242626862243	64.84994025330442	47.16061292375837	93.22597859700521	54.473317527770995	60.66049858880422	69.42595073154995	76.18766225468029
base_sample_spans_rel_adj	131	1000	80.04468814772358	9.012210771288528	79.9507058764261	53.24843883514404	236.44052696228027	68.00888986587525	75.15866374969482	84.81096674601237	91.74628719329833
base_sample_spans_rel_adj	132	1000	86.85358752879227	7.050996597743498	86.88949853723699	60.59002849033901	108.29718663142278	75.29493997361925	82.21043175917406	91.66197019464829	98.37399091084798
base_sample_spans_rel_adj	133	1000	75.90670531568624	6.9018372489768645	75.43693614006042	57.706291743687224	131.51730141272913	65.19727643237394	71.42581852999601	80.37452759462244	86.95994036841012
base_sample_spans_rel_adj	134	1000	78.81852898848162	7.518421900092525	78.56623280843098	55.153954449821924	175.95928789221722	67.51478172726102	74.28558336893717	83.48806090454954	90.5016977746146
base_sample_spans_rel_adj	135	1000	70.83295680632753	7.154276705138222	70.49561161465115	51.414700951374755	91.82353057861329	59.56371585243627	65.7685703277588	75.66376719107994	83.58315608386688
base_sample_spans_rel_adj	136	1000	83.84852163757688	7.640965972321666	83.48874231974284	61.69716529846191	175.27602710723878	72.28600589752197	79.14295677185058	88.48062324523926	95.7792336164202
